{
 "signatures": [
  {
   "keyid": "aaf05f8d054f8068bf6cb46beed7c824e2560802df462fc8681677586582ca99",
   "method": "ed25519",
   "sig": "2639a7ec0275ece520e82c6dc79de611013635bb1379230f3eca6b826e939927b38800efc77b8ac38b41d0415f801116fc20c84ab45ea0f40e4c1658c62ab906"
  }
 ],
 "signed": {
  "_type": "Snapshot",
  "expires": "2022-07-14T06:30:46Z",
  "meta": {
   "root.json": {
    "hashes": {
     "sha256": "ab9c95ccb610e5196a23307295d388646e9004d9e79b8e5c28ef2f405ffbca08"
    },
    "length": 2120,
    "version": 1
   },
   "targets.json": {
    "version": 2
   }
  },
  "version": 2
 }
}