{
 "signatures": [
  {
   "keyid": "6fcd9a928358ad8ca7e946325f57ec71d50cb5977a8d02c5ab0de6765fef040a",
   "method": "ed25519",
   "sig": "765309dcc0378a524e9bbf43dcff4ba1db75e5bffde8178a48e177e9675bf6cd5720ffde3373d7bf3164f0c77f43dc3166a4d1c9fc517aecef4c409d2ef2220b"
  }
 ],
 "signed": {
  "_type": "Timestamp",
  "expires": "2022-07-08T06:30:46Z",
  "meta": {
   "snapshot.json": {
    "hashes": {
     "sha256": "ea6f63ef2d69db71bbca769514991a972df2bd6be7d58a2a8425cf62bbe236c8"
    },
    "length": 594,
    "version": 2
   }
  },
  "version": 2
 }
}