{
 "signatures": [
  {
   "keyid": "f93cfcf33d335ff43654ec6047e0a18dd5595ee3de53136b94c9c756788a0f97",
   "method": "ed25519",
   "sig": "05411d6e42e2193db983c5d1d554ba50bc7f72ce60f6e0c499e3b8979b6058f6968e8d109795669cf49edfc2f1614a3a0cfd9310d5899ff5f8cb878e31d46f0b"
  }
 ],
 "signed": {
  "_type": "Snapshot",
  "expires": "2022-07-14T06:30:50Z",
  "meta": {
   "root.json": {
    "hashes": {
     "sha256": "d80ac46893407d2948efb26a6231e727777a719da3f01a96678bd940222be9cd"
    },
    "length": 2120,
    "version": 1
   },
   "targets.json": {
    "version": 2
   }
  },
  "version": 2
 }
}