{
 "signatures": [
  {
   "keyid": "da9c65c96c5c4072f6984f7aa81216d776aca6664d49cb4dfafbc7119320d9cc",
   "method": "ed25519",
   "sig": "8fce77f1d2f20d5ecb4f146ad2cb80af80c6aacd88cf479791d3e60eb778aaf32de0bc72b0302679cbc7aae18ad0362d1e683eae264a46bb06a297a457938800"
  }
 ],
 "signed": {
  "_type": "Timestamp",
  "expires": "2022-07-08T06:30:50Z",
  "meta": {
   "snapshot.json": {
    "hashes": {
     "sha256": "9bd8ef8308e876d44b1ccd491dc81459cb3565baae594152d71da81035cfef53"
    },
    "length": 594,
    "version": 2
   }
  },
  "version": 2
 }
}